source,published_date,month,title,url,text_len,econ_hit,uncertainty_hit,policy_hit
IrishTimes,2025-01-01,2025-01-01,The Irish Times view on the climate crisis: political courage to act is missing,https://www.irishtimes.com/opinion/editorials/2025/01/01/the-irish-times-view-on-the-climate-crisis-political-courage-to-act-is-missing/,5147,1,1,1
IrishTimes,2025-01-01,2025-01-01,Russian gas stops flowing through Ukraine,https://www.irishtimes.com/world/europe/2025/01/01/russian-gas-stops-flowing-through-ukraine/,5131,1,1,1
IrishTimes,2025-01-02,2025-01-01,Let’s get real: Ireland’s data centre boom is driving up fossil fuel dependence,https://www.irishtimes.com/environment/climate-crisis/2025/01/02/lets-get-real-irelands-data-centre-boom-is-driving-up-fossil-fuel-dependence/,5351,1,1,1
IrishTimes,2025-01-03,2025-01-01,Apple’s China troubles mount as foreign phone sales in the country sink for fourth month,https://www.irishtimes.com/business/2025/01/03/apples-china-troubles-mount-as-foreign-phone-sales-sink-for-fourth-month/,1661,1,1,1
IrishTimes,2025-01-03,2025-01-01,"Ireland’s future weather will be even warmer and wetter than predicted, scientists warn",https://www.irishtimes.com/environment/climate-crisis/2025/01/03/ireland-will-be-warmer-and-wetter-than-predicted-due-to-climate-disruption-scientists-warn/,5882,1,1,1
IrishTimes,2025-01-04,2025-01-01,Cliff Taylor: Investors are betting on Trump not keeping his promises. We’d better hope they’re right,https://www.irishtimes.com/opinion/2025/01/04/investors-are-betting-on-trump-not-keeping-his-promises-wed-better-hope-theyre-right/,7008,1,1,1
IrishTimes,2025-01-04,2025-01-01,Irish dealmaking rises 5% in 2024 to buck global trend,https://www.irishtimes.com/business/2025/01/04/irish-dealmaking-rises-5-in-2024-to-buck-global-trend/,4485,1,1,1
IrishTimes,2025-01-04,2025-01-01,Latin America’s female new wave finds its voice,https://www.irishtimes.com/culture/books/review/2025/01/04/latin-americas-female-new-wave-finds-its-voice/,10595,1,1,1
IrishTimes,2025-01-04,2025-01-01,Housing crisis unlikely to improve in short term under ‘conservative’ targets,https://www.irishtimes.com/ireland/housing-planning/2025/01/04/irelands-housing-crisis-unlikely-to-improve-in-2025-says-academic/,10303,1,1,1
IrishExaminer,2025-01-05,2025-01-01,Climate change must take priority in programme for Government,https://www.irishexaminer.com/opinion/commentanalysis/arid-41547838.html,1143,1,1,1
IrishExaminer,2025-01-05,2025-01-01,Jim Power: Government must focus more on SME sector,https://www.irishexaminer.com/business-columnists/arid-41547886.html,858,1,1,1
IrishTimes,2025-01-05,2025-01-01,The Irish Times view on the government formation talks: vital to focus on priorities and delivery,https://www.irishtimes.com/opinion/editorials/2025/01/05/the-irish-times-view-on-the-government-formation-talks-vital-to-focus-on-priorities-and-delivery/,2802,1,1,1
IrishTimes,2025-01-05,2025-01-01,Freedom of religion an empty formula unless places to worship available,https://www.irishtimes.com/opinion/2025/01/05/freedom-of-religion-an-empty-formula-unless-places-to-worship-available/,5752,1,1,1
IrishExaminer,2025-01-06,2025-01-01,David McNamara: Ireland is exposed if geopolitics begin to bite in 2025,https://www.irishexaminer.com/business-columnists/arid-41548303.html,649,1,1,1
IrishTimes,2025-01-06,2025-01-01,China rushes to reassure investors as equities and renminbi fall,https://www.irishtimes.com/business/markets/2025/01/06/china-rushes-to-reassure-investors-as-equities-and-renminbi-fall/,4037,1,1,1
IrishTimes,2025-01-07,2025-01-01,European shares edge higher after gains for energy stocks,https://www.irishtimes.com/business/2025/01/07/european-shares-edge-higher-after-gains-for-energy-stocks/,3906,1,1,1
IrishTimes,2025-01-08,2025-01-01,Global markets retreat in bond sell-off and dollar rise,https://www.irishtimes.com/business/2025/01/08/global-markets-retreat-in-bond-sell-off-and-dollar-rise/,4092,1,1,1
IrishTimes,2025-01-09,2025-01-01,Could one US dollar soon be worth more than one euro? What does this mean for Ireland?,https://www.irishtimes.com/your-money/2025/01/09/will-trump-power-the-dollar-to-parity-and-beyond-against-the-euro/,7476,1,1,1
IrishTimes,2025-01-09,2025-01-01,M&S says economic outlook uncertain after strong Christmas sales,https://www.irishtimes.com/business/2025/01/09/ms-says-economic-outlook-uncertain-after-strong-christmas-sales/,1912,1,1,1
IrishTimes,2025-01-09,2025-01-01,We like our meats smoky: Nordics lobbied EU over flavouring ban,https://www.irishtimes.com/world/europe/2025/01/09/we-like-our-meats-smoky-nordics-lobbied-eu-over-flavouring-ban/,5138,1,1,1
IrishTimes,2025-01-10,2025-01-01,Hostile actions ‘are real and accelerating’: is Russia already at war with the West?,https://www.irishtimes.com/world/europe/2025/01/10/hostile-actions-are-real-and-accelerating-is-russia-already-at-war-with-the-west/,8171,1,1,1
IrishTimes,2025-01-10,2025-01-01,The Irish Times view on the mortgage market: increasing exposure for young borrowers,https://www.irishtimes.com/opinion/editorials/2025/01/10/the-irish-times-view-on-the-mortgage-market-increasing-exposure-for-young-borrowers/,2821,1,1,1
IrishTimes,2025-01-10,2025-01-01,Sharp drop in number of tourism beds being used for refugees and asylum seekers,https://www.irishtimes.com/business/2025/01/10/state-contracted-beds-for-refugees-and-asylum-seekers-fall-15/,4402,1,1,1
IrishTimes,2025-01-11,2025-01-01,Justin Trudeau: A fighter who didn’t know when to throw in the towel,https://www.irishtimes.com/world/canada/2025/01/11/justin-trudeau-a-fighter-who-didnt-know-when-to-throw-in-the-towel/,9269,1,1,1
IrishTimes,2025-01-11,2025-01-01,Cliff Taylor: Dundrum apartments decision a symptom of broken planning system,https://www.irishtimes.com/opinion/2025/01/11/dundrum-apartments-decision-a-symptom-of-broken-planning-system/,6722,1,1,1
IrishTimes,2025-01-11,2025-01-01,Their day has not come: Sinn Féin prepares for another five years in opposition,https://www.irishtimes.com/politics/2025/01/11/what-now-for-sinn-fein-as-it-prepares-for-another-stint-in-opposition/,8959,1,1,1
IrishTimes,2025-01-12,2025-01-01,The Irish Times view on the BT Young Scientist & Technology Exhibition: promoting curiosity and talent,https://www.irishtimes.com/opinion/editorials/2025/01/12/the-irish-times-view-on-the-bt-young-scientist-technology-exhibition-promoting-curiosity-and-talent/,2123,1,1,1
IrishTimes,2025-01-13,2025-01-01,Dollar hits two-year high after robust US data puts brake on rate cut bets,https://www.irishtimes.com/business/2025/01/13/dollar-hits-two-year-high-after-robust-us-data-puts-brake-on-rate-cut-bets/,4982,1,1,1
IrishTimes,2025-01-13,2025-01-01,Bank of Ireland’s Susan Russell appointed president of lobby group BPFI,https://www.irishtimes.com/business/2025/01/13/bank-of-irelands-susan-russell-appointed-president-of-lobby-group-bpfi/,3340,1,1,1
IrishTimes,2025-01-14,2025-01-01,Spain proposes 100% tax on homes bought by non-EU residents,https://www.irishtimes.com/world/europe/2025/01/14/spain-proposes-100-tax-on-homes-bought-by-non-eu-residents/,3129,1,1,1
IrishTimes,2025-01-14,2025-01-01,Grafton Group sales decline 2.7% in 2024 amid weak UK and Finnish markets,https://www.irishtimes.com/business/2025/01/14/grafton-group-sales-decline-27-in-2024-amid-weak-uk-and-finnish-markets/,3753,1,1,1
IrishTimes,2025-01-14,2025-01-01,What should you consider when choosing a college course?,https://www.irishtimes.com/ireland/education/2025/01/14/think-of-your-degree-as-a-passport-that-will-open-gates-for-you/,7622,1,1,1
IrishTimes,2025-01-14,2025-01-01,"Letters to the Editor, January 14th: On President Higgins’s comments on Nato, and the climate crisis and Dublin Airport",https://www.irishtimes.com/opinion/letters/2025/01/14/letters-to-the-editor-january-14th-on-president-higginss-comments-on-nato-and-the-climate-crisis-and-dublin-airport/,11983,1,1,1
IrishTimes,2025-01-15,2025-01-01,"Changing how Government is run: justice, migration and infrastructure included in shake-up",https://www.irishtimes.com/politics/2025/01/15/restructuring-government-departments-has-taken-place-for-years-but-it-can-lead-to-staff-uncertainty-and-unhappiness/,4585,1,1,1
IrishTimes,2025-01-16,2025-01-01,Ireland lacks a long-term master plan for energy sector - Ibec CEO,https://www.irishtimes.com/business/economy/2025/01/16/lack-of-long-term-master-plan-for-energy-sector-ibec-ceo-claims/,4265,1,1,1
IrishTimes,2025-01-16,2025-01-01,How will Donald Trump really impact Ireland?,https://www.irishtimes.com/your-money/2025/01/16/how-will-donald-trump-really-impact-ireland/,9339,1,1,1
IrishTimes,2025-01-16,2025-01-01,Programme for government: Five of the most notable new economic promises,https://www.irishtimes.com/business/2025/01/16/five-new-economic-promises-in-the-programme-for-government/,4861,1,1,1
IrishTimes,2025-01-17,2025-01-01,IMF sees stable if ‘lacklustre’ global growth despite Trump’s tariff threat,https://www.irishtimes.com/business/2025/01/17/imf-sees-stable-if-lacklustre-global-growth-despite-trumps-tariff-threat/,3411,1,1,1
IrishTimes,2025-01-17,2025-01-01,European Banks warn of competitive hit from uneven capital rules,https://www.irishtimes.com/business/2025/01/17/european-banks-warn-of-competitive-hit-from-uneven-capital-rules/,2512,1,1,1
IrishTimes,2025-01-17,2025-01-01,AI in the office: Trust gap with staff is a big hurdle for companies,https://www.irishtimes.com/business/work/2025/01/17/trust-gap-with-staff-is-the-big-hurdle-for-companies-looking-to-harness-ai/,11617,1,1,1
IrishTimes,2025-01-17,2025-01-01,"Gerard Howlin: Programme for government is notable not just for a lack of ideology, but a lack of passion",https://www.irishtimes.com/opinion/2025/01/17/gerard-howlin-programme-for-government-is-notable-not-just-for-a-lack-of-ideology-but-a-lack-of-passion/,5681,1,1,1
IrishTimes,2025-01-17,2025-01-01,Plan for mini-budget by new government dropped,https://www.irishtimes.com/politics/2025/01/17/plan-for-mini-budget-in-first-100-days-of-government-dropped/,3431,1,1,1
IrishTimes,2025-01-18,2025-01-01,"Bashed tables, dad dancing and pizza: how the deal for a new government was done",https://www.irishtimes.com/politics/2025/01/18/bashed-tables-dad-dancing-and-pizza-how-the-deal-for-a-new-government-was-done/,9799,1,1,1
IrishTimes,2025-01-20,2025-01-01,"Trump inauguration as it happened: ‘We will be the envy of every nation,’ Donald Trump says as he becomes 47th US president",https://www.irishtimes.com/world/us/2025/01/20/donald-trump-inauguration-live-updates/,44776,1,1,1
IrishTimes,2025-01-20,2025-01-01,US multinationals in Ireland take a ‘longer view’ than White House cycles - Minister for Finance,https://www.irishtimes.com/politics/2025/01/20/us-multinationals-in-ireland-take-a-longer-view-than-white-house-cycles-minister-for-finance/,3922,1,1,1
IrishTimes,2025-01-20,2025-01-01,Could US employers in Ireland lead the charge on ending remote working for Irish workers?,https://www.irishtimes.com/ireland/2025/01/20/could-us-employers-in-ireland-lead-the-charge-on-ending-remote-working-for-irish-workers/,8049,1,1,1
IrishTimes,2025-01-21,2025-01-01,Stocks rise as investors weigh Trump impact,https://www.irishtimes.com/business/2025/01/21/stocks-rise-as-investors-weigh-trump-impact/,4101,1,1,1
IrishTimes,2025-01-21,2025-01-01,"US, Russia and China could sideline Europe in efforts to end war, Ukraine warns",https://www.irishtimes.com/world/europe/2025/01/21/us-russia-and-china-could-sideline-europe-in-efforts-to-end-war-ukraine-warns/,3705,1,1,1
IrishTimes,2025-01-21,2025-01-01,US decision to pull out of global tax deal regrettable - EU commissioner,https://www.irishtimes.com/business/2025/01/21/us-decision-to-pull-out-of-global-tax-deal-regretful-eu-commissioner/,4026,1,1,1
IrishTimes,2025-01-21,2025-01-01,Cliff Taylor: Ireland risks being caught in the middle of Trump’s tax war,https://www.irishtimes.com/business/economy/2025/01/21/ireland-will-hope-that-trump-will-focus-tariffs-on-china-rather-than-eu/,5755,1,1,1
IrishTimes,2025-01-21,2025-01-01,Donald Trump threatens tax war over US multinationals,https://www.irishtimes.com/business/2025/01/21/donald-trump-threatens-tax-war-over-us-multinationals/,5275,1,1,1
IrishTimes,2025-01-21,2025-01-01,Bank of Ireland shares rise as UK government weighs in on car finance crisis,https://www.irishtimes.com/business/2025/01/21/bank-of-ireland-shares-rise-as-uk-government-weighs-in-on-car-finance-crisis/,3618,1,1,1
IrishTimes,2025-01-22,2025-01-01,What does Trump pulling out of the OECD tax deal mean for Ireland?,https://www.irishtimes.com/business/2025/01/22/what-does-trump-pulling-out-of-the-oecd-tax-deal-mean-for-ireland/,5541,1,1,1
IrishTimes,2025-01-22,2025-01-01,"Economy going through ‘moderation’ in growth with employment to slow, Ibec says",https://www.irishtimes.com/business/2025/01/22/economy-going-through-moderation-in-growth-with-employment-to-slow-ibec-says/,3549,1,1,1
IrishTimes,2025-01-22,2025-01-01,Ireland on alert as Trump pulls US out of global tax deal,https://www.irishtimes.com/business/2025/01/22/ireland-on-alert-as-trump-pulls-us-out-of-global-tax-deal/,5690,1,1,1
IrishTimes,2025-01-23,2025-01-01,Oscar nominations 2025: Emilia Pérez breaks record with 13 nods as Kneecap loses out,https://www.irishtimes.com/culture/film/2025/01/23/oscar-nominations-2025-announced-kneecap-saoirse-ronan-cillian-murphy-paul-mescal-irish/,16920,1,1,1
IrishTimes,2025-01-23,2025-01-01,Irish SMEs have rolled with the punches in recent years. They need support to grow and thrive,https://www.irishtimes.com/special-reports/2025/01/23/irish-smes-have-rolled-with-the-punches-in-recent-years-they-need-support-to-grow-and-thrive/,6103,1,1,1
IrishTimes,2025-01-24,2025-01-01,"Letters to the Editor, January 24th: On the Government’s political agenda, and the school meals programme",https://www.irishtimes.com/opinion/letters/2025/01/24/letters-to-the-editor-january-24th-on-the-governments-political-agenda-and-the-school-meals-programme/,10748,1,1,1
IrishTimes,2025-01-25,2025-01-01,Gaelic football rule changes: Everything you wanted to know but were afraid to ask,https://www.irishtimes.com/sport/gaelic-games/2025/01/25/gaelic-football-rule-changes-everything-you-wanted-to-know-but-were-afraid-to-ask/,8281,1,1,1
IrishTimes,2025-01-25,2025-01-01,"Cliff Taylor: If the Government does its job right, the comfortable classes won’t be happy",https://www.irishtimes.com/opinion/2025/01/25/cliff-taylor-if-the-government-does-its-job-right-the-comfortable-classes-wont-be-happy/,6520,1,1,1
IrishTimes,2025-01-25,2025-01-01,Three key takes on China: On Xi Jinping; The Political Thought of Xi Jinping; and The New Cold War,https://www.irishtimes.com/culture/books/review/2025/01/25/three-key-takes-on-china-on-xi-jinping-the-political-thought-of-xi-jinping-and-the-new-cold-war/,10815,1,1,1
IrishTimes,2025-01-27,2025-01-01,"Paschal Donohoe: As international risks heighten, we must continue to run budget surpluses",https://www.irishtimes.com/opinion/2025/01/27/paschal-donohoe-as-international-risks-heighten-we-must-continue-to-run-budget-surpluses/,6646,1,1,1
IrishTimes,2025-01-27,2025-01-01,Irish economy’s growth outlook is ‘more American than European’,https://www.irishtimes.com/business/2025/01/27/irish-economy-tracking-stronger-us-growth-but-remains-exposed-to-us-policy-uncertainty/,2591,1,1,1
IrishTimes,2025-01-27,2025-01-01,"When dealing with Trump, Ireland needs to focus on what we can control rather than speculating ourselves into a crisis",https://www.irishtimes.com/business/2025/01/27/when-dealing-with-trump-ireland-needs-to-focus-on-what-we-can-control-rather-than-speculating-ourselves-into-a-crisis/,7138,1,1,1
IrishTimes,2025-01-28,2025-01-01,Irish economy grows by meagre 0.3% in 2024,https://www.irishtimes.com/business/2025/01/28/irish-economy-grows-by-meagre-03-in-2024/,2648,1,1,1
IrishTimes,2025-01-28,2025-01-01,Irish jobs: Postings offering hybrid work arrangements hits record high,https://www.irishtimes.com/business/work/2025/01/28/job-postings-offering-hybrid-work-arrangements-hits-record-high/,3423,1,1,1
IrishTimes,2025-01-28,2025-01-01,"Letters to the Editor, January 28th: On the President and Holocaust Memorial Day, and tackling the housing crisis",https://www.irishtimes.com/opinion/letters/2025/01/28/letters-to-the-editor-january-28th-on-the-president-and-holocaust-memorial-day-and-tackling-the-housing-crisis/,12394,1,1,1
IrishTimes,2025-01-30,2025-01-01,ECB cuts interest rates again as focus shifts to Europe’s ailing economy,https://www.irishtimes.com/business/2025/01/30/ecb-cuts-interest-rates-again-as-focus-shifts-to-europes-ailing-economy/,3682,1,1,1
IrishTimes,2025-01-30,2025-01-01,ECB set to cut rates again as Trump tariffs cloud outlook,https://www.irishtimes.com/business/2025/01/30/ecb-set-to-cut-rates-again-as-trump-tariffs-cloud-outlook/,2815,1,1,1
IrishTimes,2025-01-31,2025-01-01,Donald Trump moves ahead with tariff plans and confirms EU is on list of future targets,https://www.irishtimes.com/business/2025/01/31/us-says-china-mexico-canada-tariffs-to-hit-saturday/,4131,1,1,1
IrishTimes,2025-01-31,2025-01-01,Makhlouf sees ‘worrying signs’ in European economy after latest rate cut,https://www.irishtimes.com/business/2025/01/31/makhlouf-sees-worrying-signs-in-european-economy-after-latest-rate-cut/,4224,1,1,1
IrishTimes,2025-10-01,2025-10-01,European shares close at record high as healthcare outperforms,https://www.irishtimes.com/business/2025/10/01/european-shares-close-at-record-high-as-healthcare-outperforms/,3999,1,1,1
IrishTimes,2025-10-01,2025-10-01,US government shutdown: standoff could lead to thousands of federal job losses,https://www.irishtimes.com/world/us/2025/10/01/us-government-shutdown-standoff-could-lead-to-thousands-of-federal-job-losses/,4037,1,1,1
IrishTimes,2025-10-01,2025-10-01,"Trade between Republic and Northern Ireland now ‘an oasis of calm’, businesses told",https://www.irishtimes.com/business/economy/2025/10/01/cross-border-trade-now-oasis-of-calm-businesses-told/,3293,1,1,1
IrishTimes,2025-10-01,2025-10-01,"Hospitality industry more likely to pass on VAT hikes than cuts, Ifac study finds",https://www.irishtimes.com/business/2025/10/01/hospitality-industry-more-likely-to-pass-on-vat-hikes-than-cuts-ifac-study-finds/,3339,1,1,1
IrishTimes,2025-10-02,2025-10-01,Markets cautious as US government shutdown enters second day,https://www.irishtimes.com/business/2025/10/02/markets-cautious-as-us-government-shutdown-enters-second-day/,3867,1,1,1
IrishTimes,2025-10-02,2025-10-01,China looks to National Day holiday to boost consumer spending,https://www.irishtimes.com/business/2025/10/02/china-looks-to-national-day-holiday-to-boost-consumer-spending/,2071,1,1,1
IrishTimes,2025-10-02,2025-10-01,"‘Scale, sector resilience, growth’: The crucial factors for private equity investors",https://www.irishtimes.com/special-reports/2025/10/02/scale-sector-resilience-growth-the-crucial-factors-for-private-equity-investors/,6017,1,1,1
IrishTimes,2025-10-02,2025-10-01,Sowing the seeds of success: How founders should approach early-stage funding,https://www.irishtimes.com/special-reports/2025/10/02/sowing-the-seeds-of-success-how-founders-should-approach-early-stage-funding/,4818,1,1,1
IrishTimes,2025-10-02,2025-10-01,Facilitating future growth: Could pension funds plug the scaling finance gap?,https://www.irishtimes.com/special-reports/2025/10/02/facilitating-future-growth-could-pension-funds-plug-the-scaling-finance-gap/,5653,1,1,1
IrishTimes,2025-10-03,2025-10-01,Next presidential election TV debate should be a decidedly more lively affair,https://www.irishtimes.com/politics/2025/10/03/next-presidential-election-tv-debate-should-be-a-decidedly-more-lively-affair/,8788,1,1,1
IrishTimes,2025-10-03,2025-10-01,Irish shares end the week on the up,https://www.irishtimes.com/business/2025/10/03/irish-shares-end-the-week-on-the-up/,3834,1,1,1
IrishTimes,2025-10-03,2025-10-01,"Americans saved the tourism sector this year, but will that continue?",https://www.irishtimes.com/business/2025/10/03/americans-saved-the-tourism-sector-this-year-but-will-that-continue/,11528,1,1,1
IrishTimes,2025-10-04,2025-10-01,Pre-budget figures show significant surplus in prospect for 2026,https://www.irishtimes.com/your-money/2025/10/04/pre-budget-figures-show-significant-surplus-in-prospect-for-2026/,2600,1,1,1
IrishTimes,2025-10-04,2025-10-01,Cliff Taylor: Six key points to watch in a politcally explosive budget,https://www.irishtimes.com/opinion/2025/10/04/cliff-taylor-six-key-points-to-watch-in-a-politcally-explosive-budget/,6758,1,1,1
IrishTimes,2025-10-05,2025-10-01,"After two years of Israeli bombardment, what is left of Gaza?",https://www.irishtimes.com/world/middle-east/2025/10/05/after-two-years-of-israeli-bombardment-what-is-left-of-gaza/,16540,1,1,1
IrishTimes,2025-10-06,2025-10-01,ECB executives talk down chances of further cut in interest rates,https://www.irishtimes.com/business/economy/2025/10/06/ecb-executives-talk-down-chances-of-further-cut-in-interest-rates/,2848,1,1,1
IrishTimes,2025-10-06,2025-10-01,"Sale of Energia, and all eyes on Budget 2026",https://www.irishtimes.com/business/2025/10/06/sale-of-energia-and-all-eyes-on-budget-2026/,2384,1,1,1
IrishTimes,2025-10-06,2025-10-01,Uncertainty over construction projects is ‘forcing Irish expertise to go abroad’,https://www.irishtimes.com/business/2025/10/06/uncertainty-over-construction-projects-is-forcing-irish-expertise-to-go-abroad/,4049,1,1,1
IrishTimes,2025-10-06,2025-10-01,Numerous countries express interest in Government’s basic income for artists pilot scheme,https://www.irishtimes.com/politics/2025/10/06/governments-basic-income-for-artists-pilot-scheme-sparks-international-interest/,3818,1,1,1
IrishTimes,2025-10-06,2025-10-01,"Letters to the Editor, October 6th: On judging a child’s behaviour, the presidency and random acts of kindness",https://www.irishtimes.com/opinion/letters/2025/10/06/letters-to-the-editor-october-6th-on-judging-a-childs-behaviour-the-presidency-and-random-acts-of-kindness/,12916,1,1,1
IrishExaminer,2025-10-07,2025-10-01,Nicola Quinn: Was this a pro-business Budget?,https://www.irishexaminer.com/business/economy/arid-41719683.html,1088,1,1,1
IrishTimes,2025-10-07,2025-10-01,Budget unveiled with national minimum wage to rise and VAT rate for completed apartments cut,https://www.irishtimes.com/business/2025/10/07/budget-ireland-2026-updates-latest/,81200,1,1,1
IrishTimes,2025-10-07,2025-10-01,Underlying State budget deficit expected to jump to almost €14bn next year,https://www.irishtimes.com/your-money/2025/10/07/underlying-state-budget-deficit-expected-to-jump-to-almost-14bn-next-year/,3083,1,1,1
IrishTimes,2025-10-07,2025-10-01,The Irish Times view on the UK and the ECHR: Belfast Agreement must not be undermined,https://www.irishtimes.com/opinion/editorials/2025/10/07/the-irish-times-view-on-the-uk-and-the-echr-belfast-agreement-must-not-be-undermined/,1968,1,1,1
IrishTimes,2025-10-07,2025-10-01,Why has the budget reduced VAT but made no income tax cuts?,https://www.irishtimes.com/your-money/2025/10/07/budget-ireland-2026-income-tax-cuts-lose-out/,5183,1,1,1
IrishExaminer,2025-10-08,2025-10-01,Macron to name new PM within 48 hours amid deepening political crisis,https://www.irishexaminer.com/world/arid-41720520.html,876,1,1,1
IrishTimes,2025-10-08,2025-10-01,Porsche’s travails are a warning to the wider car industry,https://www.irishtimes.com/motors/2025/10/08/porsches-travails-are-a-warning-to-the-wider-car-industry/,8119,1,1,1
IrishTimes,2025-10-09,2025-10-01,Ireland raises €1.5bn in final bond auction of the year,https://www.irishtimes.com/business/2025/10/09/ireland-raises-15bn-in-final-bond-auction-of-the-year/,1934,1,1,1
IrishTimes,2025-10-09,2025-10-01,Irish inflation jumps to highest level in 18 months as food prices surge,https://www.irishtimes.com/business/2025/10/09/irish-inflation-jumps-to-highest-level-in-18-months-as-food-prices-surge/,3292,1,1,1
IrishTimes,2025-10-10,2025-10-01,Macron reappoints Lecornu as prime minister after days of political turmoil,https://www.irishtimes.com/world/europe/2025/10/10/macron-may-delay-crucial-reforms-in-desperate-bid-to-win-support-for-new-pm/,4256,1,1,1
IrishTimes,2025-10-10,2025-10-01,Will the budget solve the housing crisis?,https://www.irishtimes.com/business/2025/10/10/three-big-questions-to-come-out-of-this-budget/,11323,1,1,1
IrishTimes,2025-10-10,2025-10-01,"‘AI will change the way we work. But it will take time, and then it will go fast’",https://www.irishtimes.com/business/2025/10/10/ai-will-change-the-way-we-work-but-like-a-lot-of-change-it-will-take-time-and-then-it-will-go-fast/,12748,1,1,1
IrishTimes,2025-10-11,2025-10-01,Presidential debacle: Is this the beginning of the end for Micheál Martin?,https://www.irishtimes.com/life-style/people/2025/10/11/presidential-debacle-is-this-the-beginning-of-the-end-for-micheal-martin/,13222,1,1,1
IrishTimes,2025-10-13,2025-10-01,As it happened: Trump hails Hamas-Israel deal as ‘historic dawn of a new Middle East’,https://www.irishtimes.com/world/middle-east/2025/10/13/israel-hamas-gaza-hostages-ceasefire-live-updates/,29403,1,1,1
IrishTimes,2025-10-13,2025-10-01,"Data centres costing €5.6bn have planning approval but no electricity, industry warns",https://www.irishtimes.com/ireland/2025/10/13/data-centres-costing-56bn-have-planning-approval-but-no-power-industry-warns/,4432,1,1,1
IrishTimes,2025-10-14,2025-10-01,Global markets fall sharply on fresh US-China trade tensions,https://www.irishtimes.com/business/2025/10/14/global-markets-fall-sharply-on-fresh-us-china-trade-tensions/,4013,1,1,1
IrishTimes,2025-10-14,2025-10-01,"ECB will not commit to a pre-determined path on rates, says Makhlouf",https://www.irishtimes.com/business/2025/10/14/ecb-will-not-commit-to-a-pre-determined-path-on-rates-says-makhlouf/,1993,1,1,1
IrishTimes,2025-10-14,2025-10-01,"Stock market ‘concentration risk’ now higher than dot-com bubble period, IMF warns",https://www.irishtimes.com/business/2025/10/14/stock-market-concentration-risk-now-higher-than-dot-com-bubble-period-imf-warns/,3165,1,1,1
IrishTimes,2025-10-14,2025-10-01,"Citigroup, JP Morgan and Goldman Sachs all report soaring revenue",https://www.irishtimes.com/business/financial-services/2025/10/14/citigroup-jp-morgan-and-goldman-sachs-all-report-soaring-revenue/,3632,1,1,1
IrishTimes,2025-10-14,2025-10-01,"Negative impact of tariffs starting to show, IMF warns",https://www.irishtimes.com/business/2025/10/14/negative-impact-of-tariffs-starting-to-show-imf-warns/,3817,1,1,1
IrishTimes,2025-10-15,2025-10-01,Smart approach required to deliver National Development Plan,https://www.irishtimes.com/special-reports/2025/10/15/smart-approach-required-to-deliver-national-development-plan/,8750,1,1,1
IrishTimes,2025-10-16,2025-10-01,European stocks and euro inch higher as France passes test,https://www.irishtimes.com/business/2025/10/16/european-stocks-and-euro-inch-higher-as-france-passes-test/,4281,1,1,1
IrishTimes,2025-10-16,2025-10-01,"‘We were raised up with the Irish since 1978, and suddenly they are pulling out’",https://www.irishtimes.com/politics/2025/10/16/we-were-raised-up-with-the-irish-since-1978-and-suddenly-they-are-pulling-out/,4341,1,1,1
IrishTimes,2025-10-16,2025-10-01,Ireland forecast to be fastest growing economy in 2025,https://www.irishtimes.com/business/2025/10/16/ireland-forecast-to-be-fastest-growing-economy-in-2025/,2261,1,1,1
IrishTimes,2025-10-17,2025-10-01,Business leaders believe complying with climate rules will ‘significantly’ increase costs,https://www.irishtimes.com/business/2025/10/17/business-leaders-believe-compliance-with-climate-regulations-will-significantly-increase-their-costs/,2050,1,1,1
IrishTimes,2025-10-17,2025-10-01,"Debt in several EU countries is on potentially explosive path, IMF warns",https://www.irishtimes.com/business/2025/10/17/debt-in-several-eu-countries-on-potentially-explosive-path-imf-warns/,3381,1,1,1
IrishTimes,2025-10-17,2025-10-01,Are we overegging the threat from US tariffs?,https://www.irishtimes.com/business/economy/2025/10/17/are-we-overegging-the-threat-from-us-tariffs/,5270,1,1,1
IrishTimes,2025-10-18,2025-10-01,Kevin Rafter: The four most important issues in the new president’s in-tray,https://www.irishtimes.com/opinion/2025/10/18/kevin-rafter-the-four-most-important-issues-in-the-new-presidents-in-tray/,6852,1,1,1
IrishTimes,2025-10-20,2025-10-01,Grocery inflation at 6.5% as Irish households face rising pre-Christmas costs,https://www.irishtimes.com/business/2025/10/20/grocery-inflation-surges-to-highest-rate-since-2023/,4076,1,1,1
IrishExaminer,2025-10-21,2025-10-01,‘Fog lifting’ on economic risks as pharma sector weathers global policy uncertainty — report,https://www.irishexaminer.com/business/economy/arid-41728257.html,1154,1,1,1
IrishTimes,2025-10-21,2025-10-01,No honeymoon for Japan’s first female prime minister Sanae Takaichi,https://www.irishtimes.com/world/asia-pacific/2025/10/21/sanae-takaichi-becomes-japans-first-female-prime-minister/,3681,1,1,1
IrishTimes,2025-10-21,2025-10-01,Costly Christmas in store as grocery prices soar,https://www.irishtimes.com/ireland/2025/10/21/costly-christmas-in-store-as-grocery-prices-soar/,3092,1,1,1
IrishTimes,2025-10-22,2025-10-01,The Irish Times view on business and the economy: an uneasy calm prevails,https://www.irishtimes.com/opinion/editorials/2025/10/22/the-irish-times-view-on-business-and-the-economy-an-uneasy-calm-prevails/,2047,1,1,1
IrishTimes,2025-10-22,2025-10-01,Do we want to be the best small country in the world for class action law suits?,https://www.irishtimes.com/business/2025/10/22/do-we-want-to-be-the-best-small-country-in-the-world-for-class-action-law-suits/,5012,1,1,1
IrishTimes,2025-10-22,2025-10-01,Goodbody upgrades growth forecasts for Irish economy while warning of softer FDI trends,https://www.irishtimes.com/business/2025/10/22/goodbody-upgrades-growth-forecasts-for-irish-economy-while-warning-of-softer-fdi-trends/,3024,1,1,1
IrishTimes,2025-10-22,2025-10-01,High-end amenities in office buildings? These New York tenants say no thanks,https://www.irishtimes.com/property/commercial-property/2025/10/22/high-end-amenities-in-office-buildings-these-new-york-tenants-say-no-thanks/,7703,1,1,1
IrishTimes,2025-10-24,2025-10-01,‘Do you have any friends in the IRA?’: how Russia’s hybrid war is sowing chaos across Europe,https://www.irishtimes.com/world/europe/2025/10/24/from-pigs-heads-to-arson-plots-how-russias-hybrid-war-is-sowing-chaos-across-europe/,14511,1,1,1
IrishTimes,2025-10-24,2025-10-01,Irish consumer sentiment falls as rising living costs bite,https://www.irishtimes.com/business/2025/10/24/irish-consumer-sentiment-falls-as-rising-living-costs-bite/,2621,1,1,1
IrishTimes,2025-10-25,2025-10-01,This is a disastrous day for Fianna Fáil and Fine Gael,https://www.irishtimes.com/politics/2025/10/25/this-is-a-disastrous-day-for-fianna-fail-and-fine-gael/,4281,1,1,1
IrishTimes,2025-10-25,2025-10-01,"Worldview: If Nigel Farage wins the next UK election, the consequences for Ireland will be profound",https://www.irishtimes.com/opinion/2025/10/25/worldview-if-nigel-farage-wins-the-next-uk-election-the-consequences-for-ireland-will-be-profound/,5485,1,1,1
IrishTimes,2025-10-27,2025-10-01,"Letters to the Editor, October 26th: Scenes of violence and children, climate change and farming and marathon journeys",https://www.irishtimes.com/opinion/letters/2025/10/27/letters-to-the-editor-october-26th-scenes-of-violence-and-children-climate-change-and-farming-and-marathon-journeys/,12591,1,1,1
IrishTimes,2025-10-28,2025-10-01,Shannon-based diamond group Element Six pays out $10m dividend as profits fall by half,https://www.irishtimes.com/business/2025/10/28/shannon-based-diamond-group-element-six-pays-out-10m-dividend-as-profits-fall-by-half/,2365,1,1,1
IrishTimes,2025-10-28,2025-10-01,PwC abandons headcount target as revenue growth slows,https://www.irishtimes.com/business/2025/10/28/pwc-abandons-headcount-target-as-revenue-growth-slows/,4109,1,1,1
IrishTimes,2025-10-29,2025-10-01,Uisce Éireann defends projections for Shannon pipeline indicating  ‘potential to serve 50% of national needs’,https://www.irishtimes.com/environment/2025/10/29/uisce-eireann-shannon-pipeline-criticism/,4174,1,1,1
IrishTimes,2025-10-30,2025-10-01,Aviation sector faces turbulence on the path to net zero,https://www.irishtimes.com/special-reports/2025/10/30/aviation-sector-faces-turbulence-on-the-path-to-net-zero/,5285,1,1,1
IrishTimes,2025-10-30,2025-10-01,ECB keeps rates unchanged while warning of uncertain impact from tariffs,https://www.irishtimes.com/business/2025/10/30/ecb-keeps-rates-unchanged-while-warning-of-uncertain-impact-from-tariffs/,3337,1,1,1
IrishTimes,2025-10-30,2025-10-01,"Data protection rules ‘completely out of control’, Meta tells Government",https://www.irishtimes.com/technology/big-tech/2025/10/30/data-protection-rules-completely-out-of-control-meta-tells-government/,4331,1,1,1
IrishTimes,2025-10-30,2025-10-01,Rising energy and food prices keep Irish inflation rate elevated at 2.7%,https://www.irishtimes.com/business/2025/10/30/rising-energy-and-food-prices-keep-irish-inflation-rate-elevated-at-27/,2771,1,1,1
IrishTimes,2025-10-30,2025-10-01,ECB in a holding pattern on interest rates,https://www.irishtimes.com/business/2025/10/30/ecb-in-a-holding-pattern-on-interest-rates/,2055,1,1,1
IrishTimes,2025-10-30,2025-10-01,A quiet solar revolution: home rooftops and farms powering a renewable future,https://www.irishtimes.com/special-reports/2025/10/30/a-quiet-solar-revolution-home-rooftops-and-farms-powering-a-renewable-future/,5059,1,1,1
IrishTimes,2025-10-30,2025-10-01,Who will lead the world into a clean energy future?,https://www.irishtimes.com/special-reports/2025/10/30/who-will-lead-the-world-into-a-clean-energy-future/,5624,1,1,1
IrishTimes,2025-10-31,2025-10-01,Euro zone inflation dips closer to 2% as ECB holds rates,https://www.irishtimes.com/business/2025/10/31/eurozone-inflation-dips-closer-to-2-as-ecb-holds-rates/,2793,1,1,1
IrishTimes,2025-10-31,2025-10-01,‘I lived in bedsits and above Chinese restaurants’: Housing Agency chief on tackling accommodation crisis,https://www.irishtimes.com/business/2025/10/31/housing-is-the-single-biggest-shared-challenge-facing-ireland-right-now-and-the-chance-to-work-on-that-highly-motivated-me/,12387,1,1,1
IrishTimes,2025-11-01,2025-11-01,High stakes at Cop30: ‘Climate denialism is back at a point we thought we’d moved on from’,https://www.irishtimes.com/life-style/people/2025/11/01/high-stakes-at-cop30-climate-denialism-is-back-at-a-point-we-thought-wed-moved-on-from/,14352,1,1,1
IrishTimes,2025-11-03,2025-11-01,Opinion: The Fianna Fáil I joined was the party that got things done. What happened to us?,https://www.irishtimes.com/opinion/2025/11/03/opinion-the-fianna-fail-i-joined-was-the-party-that-got-things-done-what-happened-to-us/,6172,1,1,1
IrishExaminer,2025-11-05,2025-11-01,"Climate change putting Ireland's economic stability at risk, Central Bank warns",https://www.irishexaminer.com/news/arid-41736552.html,1024,1,1,1
IrishTimes,2025-11-05,2025-11-01,Global markets climb as tech stocks rebound,https://www.irishtimes.com/business/2025/11/05/global-markets-climb-as-tech-stocks-rebound/,3979,1,1,1
IrishTimes,2025-11-05,2025-11-01,Weak investment to mitigate extreme weather sharpens risk to ‘Ireland’s fiscal resilience’,https://www.irishtimes.com/business/economy/2025/11/05/stalled-investment-to-counter-extreme-weather-increases-risk-to-irelands-financial-resilience-report/,4203,1,1,1
IrishTimes,2025-11-06,2025-11-01,European shares fall as concerns over tech giants’ valuations continue,https://www.irishtimes.com/business/2025/11/06/european-shares-fall-as-concerns-over-tech-giants-valuations-continue/,3964,1,1,1
IrishTimes,2025-11-06,2025-11-01,How can Ireland help to sustainably feed 10bn people and slow global warming by 2050?,https://www.irishtimes.com/environment/climate-crisis/2025/11/06/how-can-ireland-help-to-sustainably-feed-10bn-people-and-slow-global-warming-by-2050/,8985,1,1,1
IrishTimes,2025-11-07,2025-11-01,Opinion: Why does Brigitte Macron inspire such vitriol in France?,https://www.irishtimes.com/opinion/2025/11/07/opinion-why-does-brigitte-macron-inspire-such-vitriol-in-france/,5485,1,1,1
IrishExaminer,2025-11-09,2025-11-01,US agency warns Ireland's multinational tax lifeline grows thinner,https://www.irishexaminer.com/business/economy/arid-41739381.html,865,1,1,1
IrishTimes,2025-11-10,2025-11-01,Claire Hanna: Presidential election made clear that we cannot just wish ourselves into a united Ireland,https://www.irishtimes.com/opinion/2025/11/10/claire-hanna-presidential-election-made-clear-that-we-cannot-just-wish-ourselves-into-a-united-ireland/,5882,1,1,1
IrishTimes,2025-11-11,2025-11-01,"Unions will fight for next round of public sector pay increases, new Siptu leader says",https://www.irishtimes.com/ireland/2025/11/11/unions-will-fight-for-next-round-of-public-sector-pay-increases-new-siptu-leader-says/,2755,1,1,1
IrishTimes,2025-11-11,2025-11-01,Why is Donald Trump reaching out to Syria’s new president Ahmed al-Sharaa?,https://www.irishtimes.com/world/2025/11/11/why-is-donald-trump-reaching-out-to-syrias-new-president-ahmed-al-sharaa/,3164,1,1,1
IrishTimes,2025-11-12,2025-11-01,Keir Starmer denies authorising ‘kneecap’ attack on health secretary amid leadership crisis,https://www.irishtimes.com/world/uk/2025/11/12/uk-minister-dismisses-claims-of-plot-to-oust-keir-starmer-theyve-been-watching-too-much-celebrity-traitors/,5534,1,1,1
IrishTimes,2025-11-12,2025-11-01,How truthful are Irish people when valuing their houses for LPT?,https://www.irishtimes.com/your-money/2025/11/12/how-truthful-are-we-when-it-comes-to-valuing-our-houses-for-the-tax-man/,5281,1,1,1
IrishTimes,2025-11-13,2025-11-01,"‘Too early’ to commit to December US interest rate cut, says Fed’s Daly",https://www.irishtimes.com/business/2025/11/13/too-early-to-commit-to-december-us-interest-rate-cut-says-feds-daly/,2580,1,1,1
IrishTimes,2025-11-13,2025-11-01,"A 10% slide in US visitor numbers would have ‘painful impact’ on Irish tourism sector, report warns",https://www.irishtimes.com/business/2025/11/13/a-10-slide-in-us-visitor-numbers-would-have-painful-impact-on-irish-tourism-sector-report-warns/,2323,1,1,1
IrishTimes,2025-11-14,2025-11-01,European shares fall as US rate cut hopes wane and UK fiscal worries rise,https://www.irishtimes.com/business/2025/11/14/european-shares-fall-as-us-rate-cut-hopes-wane-and-uk-fiscal-worries-rise/,3974,1,1,1
IrishTimes,2025-11-15,2025-11-01,Two Government departments clash over plan to pressure tech giants over social media scams,https://www.irishtimes.com/ireland/2025/11/15/i-have-serious-concerns-departments-clash-over-proposal-to-tackle-social-media-scams/,4266,1,1,1
IrishExaminer,2025-11-17,2025-11-01,"'Disorderly correction' to AI-fuelled surge in US stocks could 'spill over' to Irish economy, Central Bank warns",https://www.irishexaminer.com/business/economy/arid-41744178.html,1094,1,1,1
IrishExaminer,2025-11-17,2025-11-01,David McNamara: Irish economy shows strength in adversity,https://www.irishexaminer.com/business-columnists/arid-41744031.html,1315,1,1,1
IrishTimes,2025-11-17,2025-11-01,Central Bank warns of risks to Ireland amid ‘stretched’ US tech valuations,https://www.irishtimes.com/business/2025/11/17/central-bank-warns-of-risks-to-ireland-amid-stretched-us-tech-valuations/,4455,1,1,1
IrishTimes,2025-11-17,2025-11-01,Irish economy forecast to grow at eight times euro area average,https://www.irishtimes.com/business/2025/11/17/irish-economy-forecast-to-grow-at-eight-times-euro-area-average/,4188,1,1,1
IrishTimes,2025-11-17,2025-11-01,Garda probe on insider trading and Government response to AI,https://www.irishtimes.com/business/2025/11/17/garda-probe-on-insider-trading-and-government-response-to-ai/,2702,1,1,1
IrishTimes,2025-11-17,2025-11-01,"AIB raises Irish economic forecast, noting ‘robust’ performance amid global uncertainty",https://www.irishtimes.com/business/2025/11/17/aib-raises-irish-economic-forecasts-amid-resilience-to-tariffs-and-uncertainty/,3135,1,1,1
IrishTimes,2025-11-18,2025-11-01,TDs express shock at Paschal Donohoe’s departure; Simon Harris to become Minister for Finance as part of reshuffle,https://www.irishtimes.com/politics/2025/11/18/live-updates-paschal-donohoe-to-resign/,35164,1,1,1
IrishTimes,2025-11-18,2025-11-01,European shares sink to one-month low on US rates and tech valuations concerns,https://www.irishtimes.com/business/markets/2025/11/18/european-shares-sink-to-one-month-low-on-us-rates-and-tech-valuations-concerns/,4014,1,1,1
IrishTimes,2025-11-18,2025-11-01,Bitcoin loses all its 2025 gains as it sheds more than a quarter of its value in month-long slide,https://www.irishtimes.com/business/2025/11/18/bitcoin-loses-all-its-2025-gains-as-it-sheds-more-than-a-quarter-of-its-value-in-month-long-slide/,2830,1,1,1
IrishTimes,2025-11-18,2025-11-01,"Eamon Ryan: At Cop30 I ask myself, is this really working?",https://www.irishtimes.com/opinion/2025/11/18/eamon-ryan-at-cop30-i-ask-myself-is-this-really-working/,5246,1,1,1
IrishTimes,2025-11-18,2025-11-01,Is putting some of corporation tax windfall into long-term funds the right thing to do?,https://www.irishtimes.com/business/2025/11/18/is-putting-some-of-the-corporation-tax-windfall-into-long-term-funds-the-right-thing-to-do/,7353,1,1,1
IrishTimes,2025-11-20,2025-11-01,Scarifying risks and malign scenarios: Five crunch issues facing Simon Harris,https://www.irishtimes.com/your-money/2025/11/20/the-five-crunch-issues-facing-simon-harris-as-minister-for-finance/,8573,1,1,1
IrishTimes,2025-11-22,2025-11-01,"Simon Harris’s short time at Foreign Affairs: building bridges, less foreign travel - and a lot of press releases",https://www.irishtimes.com/politics/2025/11/22/how-did-simon-harris-perform-in-his-short-time-as-minister-for-foreign-affairs/,8003,1,1,1
IrishTimes,2025-11-22,2025-11-01,Harris yet to prove he’s serious about Finance role,https://www.irishtimes.com/business/2025/11/22/harris-yet-to-prove-hes-serious-about-finance-role/,2202,1,1,1
IrishExaminer,2025-11-24,2025-11-01,Hydrogen: Navigating a role in the Clean Energy Transition,https://www.irishexaminer.com/special-reports/arid-41742669.html,5163,1,1,1
IrishTimes,2025-11-24,2025-11-01,Lawrence Summers: an intellectual giant’s extraordinary fall from grace,https://www.irishtimes.com/business/2025/11/24/lawrence-summers-an-intellectual-giants-extraordinary-fall-from-grace/,9025,1,1,1
IrishTimes,2025-11-25,2025-11-01,"Palestinian economy suffers collapse after Israel-Hamas conflict, UN says",https://www.irishtimes.com/world/middle-east/2025/11/25/palestinian-economy-suffers-collapse-after-israel-hamas-conflict-un-says/,2916,1,1,1
IrishTimes,2025-11-27,2025-11-01,Pope Leo says global conflicts are putting humanity’s future at risk,https://www.irishtimes.com/world/middle-east/2025/11/27/pope-leo-begins-first-overseas-trip-with-visit-to-turkey/,3421,1,1,1
IrishTimes,2025-11-27,2025-11-01,"Clear, focused approach needed to deliver progress during EU presidency",https://www.irishtimes.com/special-reports/2025/11/27/clear-focused-approach-needed-to-deliver-progress-during-eu-presidency/,5907,1,1,1
IrishTimes,2025-11-27,2025-11-01,Pharma stays resilient in the face of strong global headwinds,https://www.irishtimes.com/special-reports/2025/11/27/pharma-stays-resilient-in-the-face-of-strong-global-headwinds/,6364,1,1,1
IrishTimes,2025-11-27,2025-11-01,A strategic partnership that shapes Ireland’s competitiveness and innovation landscape,https://www.irishtimes.com/special-reports/2025/11/27/a-strategic-partnership-that-shapes-irelands-competitiveness-and-innovation-landscape/,6508,1,1,1
IrishTimes,2025-11-27,2025-11-01,"Letters to the Editor, November 27th: On the MetroLink legal challenge, children and education and renaming Dublin Airport",https://www.irishtimes.com/opinion/letters/2025/11/27/letters-to-the-editor-november-27th-on-the-metrolink-legal-challenge-children-and-education-and-renaming-dublin-airport/,12852,1,1,1
IrishTimes,2025-11-28,2025-11-01,Dundalk is a long way from Tipperary but €34m is a lot for convenience,https://www.irishtimes.com/sport/racing/2025/11/28/dundalk-is-a-long-way-from-tipperary-but-34m-is-a-lot-for-convenience/,5748,1,1,1
IrishTimes,2025-11-29,2025-11-01,Government tightens screws on migration – but will changes fix issues the country faces?,https://www.irishtimes.com/politics/2025/11/29/government-tightens-screws-on-migration-but-will-changes-fix-issues-the-country-faces/,9227,1,1,1
IrishTimes,2025-12-01,2025-12-01,Tourism plan focuses on Ireland as a ‘foodie’ holiday destination,https://www.irishtimes.com/ireland/2025/12/01/tourism-plan-focuses-on-ireland-as-a-foodie-holiday-destination/,3244,1,1,1
IrishTimes,2025-12-01,2025-12-01,Irish inflation climbs over 3% again on higher energy and food prices,https://www.irishtimes.com/business/2025/12/01/irish-inflation-climbs-over-3-again-on-higher-energy-and-food-prices/,3127,1,1,1
IrishTimes,2025-12-01,2025-12-01,"A stop-start 2025, but prospects for investment are positive for the year to come",https://www.irishtimes.com/property/commercial-property/2025/12/01/a-stop-start-2025-but-prospects-for-investment-are-positive-for-the-year-to-come/,3687,1,1,1
IrishTimes,2025-12-01,2025-12-01,Food prices may moderate but won’t return to levels before Russia invaded Ukraine,https://www.irishtimes.com/business/2025/12/01/food-prices-in-ireland-may-be-about-to-moderate-but-wont-return-to-levels-before-ukraine-war/,5677,1,1,1
IrishTimes,2025-12-01,2025-12-01,Housing is now the cornerstone of Ireland’s real estate market,https://www.irishtimes.com/property/commercial-property/2025/12/01/housing-is-now-the-cornerstone-of-irelands-real-estate-market/,9323,1,1,1
IrishTimes,2025-12-02,2025-12-01,Live: Zelenskiy says he is ‘ready for a meeting with president Trump’ after Moscow talks,https://www.irishtimes.com/politics/2025/12/02/volodymyr-zelenskiy-ireland-visit-live-updates/,30498,1,1,1
IrishTimes,2025-12-02,2025-12-01,European shares flat as Bayer reverses pharma share losses,https://www.irishtimes.com/business/markets/2025/12/02/european-shares-flat-as-bayer-reverses-pharma-share-losses/,4084,1,1,1
IrishTimes,2025-12-02,2025-12-01,Data Protection Commission sought €10m budget increase to beef up staff numbers,https://www.irishtimes.com/business/2025/12/02/data-protection-commission-sought-10m-budget-increase-to-beef-up-staff-numbers/,3536,1,1,1
IrishTimes,2025-12-02,2025-12-01,Debate on further ECB rate cut all but closed,https://www.irishtimes.com/business/economy/2025/12/02/debate-on-further-ecb-rate-cut-all-but-closed/,2200,1,1,1
IrishTimes,2025-12-03,2025-12-01,Retail parks the best seller in top 10 commercial deals of 2025,https://www.irishtimes.com/property/commercial-property/2025/12/03/retail-parks-the-best-seller-in-top-10-commercial-deals-of-2025/,11401,1,1,1
IrishTimes,2025-12-03,2025-12-01,Irish commercial property market poised for renewed activity in 2026,https://www.irishtimes.com/property/commercial-property/2025/12/03/irish-commercial-property-market-poised-for-renewed-activity-in-2026/,4576,1,1,1
IrishTimes,2025-12-04,2025-12-01,Irish economy contracts by 0.3% as multinational export surge unwinds,https://www.irishtimes.com/business/2025/12/04/irish-economy-contracts-by-03-as-multinational-export-surge-unwinds/,4014,1,1,1
IrishTimes,2025-12-05,2025-12-01,What does the housing market have in store in 2026? Property experts weigh in,https://www.irishtimes.com/property/residential/2025/12/05/what-does-the-housing-market-have-in-store-in-2026-property-experts-weigh-in/,12153,1,1,1
IrishTimes,2025-12-05,2025-12-01,"Europe-US unity ‘essential’ to end Russia’s invasion of Ukraine, says France",https://www.irishtimes.com/world/asia-pacific/2025/12/05/kremlin-expects-us-response-after-talks-on-ukraine-in-moscow/,3869,1,1,1
IrishTimes,2025-12-05,2025-12-01,Could Sweden take Ireland’s crown as the Silicon Valley of Europe?,https://www.irishtimes.com/business/2025/12/05/could-sweden-be-about-to-take-irelands-crown-as-the-silicon-valley-of-europe/,14495,1,1,1
IrishTimes,2025-12-06,2025-12-01,The 50 best films of 2025: Top 10 movies of the year,https://www.irishtimes.com/culture/film/2025/12/06/the-50-best-films-of-2025-the-top-10-movies-of-the-year/,2719,1,1,1
IrishTimes,2025-12-06,2025-12-01,Cliff Taylor: Ireland dodged a bullet this year. But there’s a caveat,https://www.irishtimes.com/opinion/2025/12/06/cliff-taylor-ireland-dodged-a-bullet-this-year-but-theres-a-caveat/,6106,1,1,1
IrishTimes,2025-12-07,2025-12-01,Benin says it foiled attempted coup that saw military officers on state TV,https://www.irishtimes.com/world/africa/2025/12/07/benin-says-it-foiled-attempted-coup-that-saw-military-officers-on-state-tv/,2939,1,1,1
IrishTimes,2025-12-07,2025-12-01,The 50 best films of 2025 – a full list in reverse order,https://www.irishtimes.com/culture/film/2025/12/07/the-50-best-films-of-2025-a-full-list-in-reverse-order/,17642,1,1,1
IrishTimes,2025-12-08,2025-12-01,Delivery is the key after publication of a tourism policy that gives sector a sense of purpose,https://www.irishtimes.com/business/2025/12/08/delivery-is-the-key-after-publication-of-a-tourism-policy-that-gives-sector-a-sense-of-purpose/,5382,1,1,1
IrishTimes,2025-12-10,2025-12-01,US Federal Reserve delivers third consecutive rate cut,https://www.irishtimes.com/business/economy/2025/12/10/federal-reserve-delivers-third-consecutive-rate-cut/,3915,1,1,1
IrishTimes,2025-12-10,2025-12-01,Christine Lagarde says ECB will probably lift growth forecasts,https://www.irishtimes.com/business/2025/12/10/christine-lagarde-says-ecb-will-probably-lift-growth-forecasts/,3415,1,1,1
IrishTimes,2025-12-12,2025-12-01,Sudden reduction in exports would have ‘severe impact’ on economy,https://www.irishtimes.com/business/2025/12/12/sudden-reduction-in-exports-would-have-severe-impact-on-economy/,3492,1,1,1
IrishExaminer,2025-12-14,2025-12-01,"Jim Power: Economic future looks good, but the risks are very real",https://www.irishexaminer.com/business-columnists/arid-41759819.html,978,1,1,1
IrishTimes,2025-12-14,2025-12-01,The Irish Times view on Trump’s tariffs: a key decision for the US Supreme Court,https://www.irishtimes.com/opinion/editorials/2025/12/14/the-irish-times-view-on-trumps-tariffs-a-key-decision-for-the-us-supreme-court/,2822,1,1,1
IrishTimes,2025-12-14,2025-12-01,"Inside the Dunnes Stores apartheid strike: Bad blood, life-defining moments and doldrums",https://www.irishtimes.com/life-style/people/2025/12/14/inside-the-dunnes-stores-apartheid-strike-bad-blood-life-defining-moments-and-doldrums/,11722,1,1,1
IrishTimes,2025-12-15,2025-12-01,Chile elects far-right José Antonio Kast as next president,https://www.irishtimes.com/world/americas/2025/12/15/chile-elects-far-right-jose-antonio-kast-as-next-president/,5600,1,1,1
IrishTimes,2025-12-16,2025-12-01,Ictu advises private sector affiliates to pursue pay claims of up to 6% next year,https://www.irishtimes.com/business/economy/2025/12/16/ictu-advises-private-sector-affiliates-to-pursue-pay-claims-of-up-to-6-next-year/,2919,1,1,1
IrishTimes,2025-12-17,2025-12-01,‘Gold cards’ and a gilded toilet: Donald Trump’s affordability message problem,https://www.irishtimes.com/world/us/2025/12/17/gold-cards-and-a-gilded-toilet-donald-trumps-affordability-message-problem/,5856,1,1,1
IrishTimes,2025-12-17,2025-12-01,Irish mortgage arrears fall again to lowest level since 2009,https://www.irishtimes.com/business/2025/12/17/irish-mortgage-arrears-fall-again-to-lowest-level-since-2009/,3184,1,1,1
IrishTimes,2025-12-18,2025-12-01,The Irish Times view on foreign direct investment: encouragement amid uncertainty,https://www.irishtimes.com/opinion/editorials/2025/12/18/the-irish-times-view-on-foreign-direct-investment-encouragement-amid-uncertainty/,2824,1,1,1
IrishTimes,2025-12-18,2025-12-01,"Foreign direct investment into Ireland hits record level despite US tariffs, says IDA",https://www.irishtimes.com/business/2025/12/18/ida-says-foreign-direct-investment-hit-record-level-this-year-despite-us-tariffs/,3592,1,1,1
IrishTimes,2025-12-18,2025-12-01,Global shares jump as markets cheer US inflation surprise,https://www.irishtimes.com/business/2025/12/18/global-shares-jump-as-markets-cheer-us-inflation-surprise/,3749,1,1,1
IrishTimes,2025-12-18,2025-12-01,ECB holds interest rates steady once again,https://www.irishtimes.com/business/2025/12/18/ecb-holds-interest-rates-steady-once-again/,3366,1,1,1
IrishTimes,2025-12-18,2025-12-01,"Data centre expansion must align with energy security and wider social needs, review finds",https://www.irishtimes.com/environment/2025/12/18/data-centre-expansion-must-align-with-energy-security-and-wider-social-needs-review-finds/,3810,1,1,1
IrishTimes,2025-12-18,2025-12-01,"Hybrid threats expected to increase during Ireland’s EU presidency, department warns",https://www.irishtimes.com/politics/2025/12/18/hybrid-threats-expected-to-increase-during-irelands-eu-presidency-department-warns/,3463,1,1,1
IrishTimes,2025-12-18,2025-12-01,Is now the time to buy a house in Ireland or should you wait?,https://www.irishtimes.com/property/residential/2025/12/18/fiona-reddan-is-now-the-time-to-buy-a-house-or-should-you-wait/,9848,1,1,1
IrishTimes,2025-12-18,2025-12-01,"Small company rescue applications down 23% in 2025, but ‘headwinds’ loom in 2026",https://www.irishtimes.com/business/2025/12/18/small-company-rescue-applications-down-23-in-2025-but-headwinds-loom-in-2026/,3088,1,1,1
IrishTimes,2025-12-18,2025-12-01,M&A market ‘robust’ in 2025 as Irish economy continues to tick a lot of boxes,https://www.irishtimes.com/special-reports/2025/12/18/ma-market-robust-in-2025-as-irish-economy-continues-to-tick-a-lot-of-boxes/,5482,1,1,1
IrishTimes,2025-12-18,2025-12-01,Accelerated emissions reductions required to meet climate targets,https://www.irishtimes.com/special-reports/2025/12/18/accelerated-emissions-reductions-required-to-meet-climate-targets/,8400,1,1,1
IrishTimes,2025-12-19,2025-12-01,European shares close at record high driven by defence stocks,https://www.irishtimes.com/business/2025/12/19/european-shares-close-at-record-high-driven-by-defence-stocks/,4043,1,1,1
IrishTimes,2025-12-19,2025-12-01,"Central Bank questions Government housing target of 300,000 new homes",https://www.irishtimes.com/business/2025/12/19/central-bank-raises-doubts-over-government-housing-targets/,3504,1,1,1
IrishTimes,2025-12-19,2025-12-01,Future of US in the Asia-Pacific is under close consideration,https://www.irishtimes.com/world/asia-pacific/2025/12/19/future-of-us-in-the-asia-pacific-is-under-close-consideration/,5326,1,1,1
IrishTimes,2025-12-19,2025-12-01,Strong demand across the board for the right skills,https://www.irishtimes.com/special-reports/2025/12/19/strong-demand-across-the-board-for-the-right-skills/,5283,1,1,1
IrishTimes,2025-12-20,2025-12-01,Cliff Taylor: A second class business degree won’t be much use in the world of AI,https://www.irishtimes.com/opinion/2025/12/20/in-the-world-of-ai-a-second-class-business-degree-wont-be-much-use/,6437,1,1,1
IrishTimes,2025-12-22,2025-12-01,Trump names special envoy for Greenland,https://www.irishtimes.com/world/us/2025/12/22/donald-trump-names-special-envoy-for-greenland/,4263,1,1,1
IrishTimes,2025-12-24,2025-12-01,The Irish Times view on Christmas 2025: a time to remain hopeful,https://www.irishtimes.com/opinion/editorials/2025/12/24/the-irish-times-view-on-christmas-2025-a-time-to-remain-hopeful/,4598,1,1,1
IrishTimes,2025-12-25,2025-12-01,Neglected emergencies: seven humanitarian crises you may have missed in 2025,https://www.irishtimes.com/world/2025/12/25/neglected-emergencies-seven-humanitarian-crises-you-may-have-missed-in-2025/,7112,1,1,1
IrishTimes,2025-12-25,2025-12-01,"AI, Liberation Day chaos, and Irish taxpayers exiting AIB: Your A-Z of markets in 2025",https://www.irishtimes.com/business/2025/12/25/ai-liberation-day-chaos-and-irish-taxpayers-exiting-aib-your-a-z-of-markets-in-2025/,12598,1,1,1
IrishTimes,2025-12-26,2025-12-01,The Irish Times view on the political year: lagging behind reality,https://www.irishtimes.com/opinion/editorials/2025/12/26/the-irish-times-view-on-the-political-year-lagging-behind-reality/,4971,1,1,1
IrishTimes,2025-12-26,2025-12-01,"The winners and losers of Irish business in 2025: Tariffs, turbulence and turmoil",https://www.irishtimes.com/business/2025/12/26/from-bust-distillers-to-the-barchester-billionaires-the-irish-business-winners-and-losers-this-year/,17633,1,1,1
IrishTimes,2025-12-26,2025-12-01,Cliff Taylor: Seven key things that could affect the Irish economy next year,https://www.irishtimes.com/business/2025/12/26/seven-key-things-that-could-impact-the-irish-economy-next-year/,9933,1,1,1
IrishTimes,2025-12-26,2025-12-01,Rift between DAA board and its CEO Kenny Jacobs a major headache for Darragh O’Brien,https://www.irishtimes.com/business/2025/12/26/rift-between-daa-board-and-its-ceo-kenny-jacobs-creates-major-headache-for-darragh-obrien/,10376,1,1,1
IrishTimes,2025-12-27,2025-12-01,Cliff Taylor: What does history teach us about the AI-driven boom on the stock market?,https://www.irishtimes.com/opinion/2025/12/27/cliff-taylor-ai-boom-has-worrying-echoes-of-past-crashes/,6346,1,1,1
IrishTimes,2025-12-27,2025-12-01,‘Made in Bangladesh’: the reality of a garment industry that fills Ireland’s shops,https://www.irishtimes.com/life-style/people/2025/12/27/made-in-bangladesh-the-reality-of-nations-garment-industry/,11702,1,1,1
IrishTimes,2025-12-29,2025-12-01,Forecasting the world in 2026: Will Trump win the Nobel peace prize? Will Starmer survive?,https://www.irishtimes.com/world/2025/12/29/forecasting-the-world-in-2026-will-trump-win-the-nobel-peace-prize-will-starmer-survive/,14003,1,1,1
IrishTimes,2025-12-29,2025-12-01,How 2025 became year of rising prices and cost of living,https://www.irishtimes.com/your-money/2025/12/29/how-2025-became-year-of-rising-prices-and-cost-of-living/,17232,1,1,1
IrishTimes,2025-12-30,2025-12-01,Media in 2025: the shadow of Trump hangs over everything,https://www.irishtimes.com/media/2025/12/30/media-in-2025-the-shadow-of-trump-hangs-over-everything/,6760,1,1,1
IrishTimes,2025-12-31,2025-12-01,Six economic flashpoints to watch out for in 2026,https://www.irishtimes.com/business/2025/12/31/six-economic-flashpoints-to-watch-out-for-in-2026/,11854,1,1,1
IrishTimes,2025-12-31,2025-12-01,"Irish economy set for robust growth, but risks remain",https://www.irishtimes.com/business/2025/12/31/irish-economy-set-for-robust-growth-but-risks-remain/,3568,1,1,1
